band1.htm,https://www.certitudes.org/certitude?wp=219KHYR
band10.htm,https://www.certitudes.org/certitude?wp=119NETY
band100a.htm,https://www.certitudes.org/certitude?wp=B4AHBZZ
band100b.htm,https://www.certitudes.org/certitude?wp=B4AHBZZ
band100c.htm,https://www.certitudes.org/certitude?wp=B4AHBZZ
band100d.htm,https://www.certitudes.org/certitude?wp=B4AHBZZ
band100e.htm,https://www.certitudes.org/certitude?wp=B4AHBZZ
band100f.htm,https://www.certitudes.org/certitude?wp=B4AHBZZ
band100g.htm,https://www.certitudes.org/certitude?wp=B4AHBZZ
band100h.htm,https://www.certitudes.org/certitude?wp=B4AHBZZ
band100i.htm,https://www.certitudes.org/certitude?wp=B4AHBZZ
band100j.htm,https://www.certitudes.org/certitude?wp=B4AHBZZ
band100k.htm,https://www.certitudes.org/certitude?wp=B4AHBZZ
band100l.htm,https://www.certitudes.org/certitude?wp=B4AHBZZ
band100m.htm,https://www.certitudes.org/certitude?wp=B4AHBZZ
band100n.htm,https://www.certitudes.org/certitude?wp=B4AHBZZ
band100o.htm,https://www.certitudes.org/certitude?wp=B4AHBZZ
band100p.htm,https://www.certitudes.org/certitude?wp=B4AHBZZ
band100q.htm,https://www.certitudes.org/certitude?wp=B4AHBZZ
band100r.htm,https://www.certitudes.org/certitude?wp=B4AHBZZ
band100s.htm,https://www.certitudes.org/certitude?wp=B4AHBZZ
band100t.htm,https://www.certitudes.org/certitude?wp=B4AHBZZ
band100u.htm,https://www.certitudes.org/certitude?wp=B4AHBZZ
band100v.htm,https://www.certitudes.org/certitude?wp=B4AHBZZ
band100w.htm,https://www.certitudes.org/certitude?wp=B4AHBZZ
band11.htm,https://www.certitudes.org/certitude?wp=219NEW7
band12.htm,https://www.certitudes.org/certitude?wp=419NEWA
band13.htm,https://www.certitudes.org/certitude?wp=619P0QX
band14.htm,https://www.certitudes.org/certitude?wp=819P0RR
band15.htm,https://www.certitudes.org/certitude?wp=119P0V2
band16.htm,https://www.certitudes.org/certitude?wp=219Q8B4
band17.htm,https://www.certitudes.org/certitude?wp=419Q8DA
band18.htm,https://www.certitudes.org/certitude?wp=619Q8DG
band19.htm,https://www.certitudes.org/certitude?wp=819QWP5
band2.htm,https://www.certitudes.org/certitude?wp=419KHYW
band20.htm,https://www.certitudes.org/certitude?wp=119QWQ9
band21.htm,https://www.certitudes.org/certitude?wp=219QWRB
band22.htm,https://www.certitudes.org/certitude?wp=419T8PX
band23.htm,https://www.certitudes.org/certitude?wp=619T8Q4
band24.htm,https://www.certitudes.org/certitude?wp=819T8QA
band25.htm,https://www.certitudes.org/certitude?wp=W29X6VW
band26.htm,https://www.certitudes.org/certitude?wp=219X6W0
band27.htm,https://www.certitudes.org/certitude?wp=419X6W3
band28.htm,https://www.certitudes.org/certitude?wp=W29XZWT
band29.htm,https://www.certitudes.org/certitude?wp=W29XZWY
band3.htm,https://www.certitudes.org/certitude?wp=619KHYX
band30.htm,https://www.certitudes.org/certitude?wp=W29XZX1
band31.htm,https://www.certitudes.org/certitude?wp=219ZP4K
band32.htm,https://www.certitudes.org/certitude?wp=419ZP4R
band33.htm,https://www.certitudes.org/certitude?wp=619ZP4T
band34.htm,https://www.certitudes.org/certitude?wp=81A04KP
band35.htm,https://www.certitudes.org/certitude?wp=W1A04KT
band36.htm,https://www.certitudes.org/certitude?wp=21A04KW
band37.htm,https://www.certitudes.org/certitude?wp=41A1301
band38.htm,https://www.certitudes.org/certitude?wp=61A1305
band39.htm,https://www.certitudes.org/certitude?wp=81A130A
band4.htm,https://www.certitudes.org/certitude?wp=819M5T0
band40.htm,https://www.certitudes.org/certitude?wp=W2A1ZJM
band41.htm,https://www.certitudes.org/certitude?wp=21A1ZJQ
band42.htm,https://www.certitudes.org/certitude?wp=41A1ZJW
band43.htm,https://www.certitudes.org/certitude?wp=61A2977
band44.htm,https://www.certitudes.org/certitude?wp=81A2979
band45.htm,https://www.certitudes.org/certitude?wp=W2A297C
band46.htm,https://www.certitudes.org/certitude?wp=21A2YMJ
band47.htm,https://www.certitudes.org/certitude?wp=41A2YMP
band48.htm,https://www.certitudes.org/certitude?wp=61A2YMR
band49.htm,https://www.certitudes.org/certitude?wp=A1A3RH1
band5.htm,https://www.certitudes.org/certitude?wp=119M5VF
band50.htm,https://www.certitudes.org/certitude?wp=A2A3RH5
band51.htm,https://www.certitudes.org/certitude?wp=A3A3RH8
band52.htm,https://www.certitudes.org/certitude?wp=A1A4E9E
band53.htm,https://www.certitudes.org/certitude?wp=A2A4E9G
band54.htm,https://www.certitudes.org/certitude?wp=A3A4E9K
band55.htm,https://www.certitudes.org/certitude?wp=A1A51T7
band56.htm,https://www.certitudes.org/certitude?wp=A1A51TF
band57.htm,https://www.certitudes.org/certitude?wp=A1A51TK
band58.htm,https://www.certitudes.org/certitude?wp=A1A5DE0
band59.htm,https://www.certitudes.org/certitude?wp=A2A5DE1
band6.htm,https://www.certitudes.org/certitude?wp=219M5XY
band60.htm,https://www.certitudes.org/certitude?wp=A3A5DE3
band61.htm,https://www.certitudes.org/certitude?wp=A1A6QW4
band62.htm,https://www.certitudes.org/certitude?wp=A2A6QXB
band63.htm,https://www.certitudes.org/certitude?wp=A3A6QXD
band64.htm,https://www.certitudes.org/certitude?wp=F1A7T3J
band65.htm,https://www.certitudes.org/certitude?wp=F2A7T3Q
band66.htm,https://www.certitudes.org/certitude?wp=F3A7T3W
band67.htm,https://www.certitudes.org/certitude?wp=F1A8TGJ
band68.htm,https://www.certitudes.org/certitude?wp=F2A8TGQ
band69.htm,https://www.certitudes.org/certitude?wp=F3A8TGR
band7.htm,https://www.certitudes.org/certitude?wp=419N368
band70.htm,https://www.certitudes.org/certitude?wp=A1ABXYR
band71.htm,https://www.certitudes.org/certitude?wp=A2ABXYW
band72.htm,https://www.certitudes.org/certitude?wp=A3ABXYY
band73.htm,https://www.certitudes.org/certitude?wp=A1ACNPC
band74.htm,https://www.certitudes.org/certitude?wp=A2ACNPG
band75.htm,https://www.certitudes.org/certitude?wp=A3ACNPJ
band76.htm,https://www.certitudes.org/certitude?wp=F1ADNPQ
band77.htm,https://www.certitudes.org/certitude?wp=F2ADNPY
band78.htm,https://www.certitudes.org/certitude?wp=F3ADNQ1
band79.htm,https://www.certitudes.org/certitude?wp=A1AENWN
band8.htm,https://www.certitudes.org/certitude?wp=619N37B
band80.htm,https://www.certitudes.org/certitude?wp=A2AENWV
band81.htm,https://www.certitudes.org/certitude?wp=A3AENX0
band82.htm,https://www.certitudes.org/certitude?wp=A1AFC7E
band83.htm,https://www.certitudes.org/certitude?wp=A2AFC7R
band84.htm,https://www.certitudes.org/certitude?wp=A3AFC81
band85.htm,https://www.certitudes.org/certitude?wp=A1AG20V
band86.htm,https://www.certitudes.org/certitude?wp=A2AG20Y
band87.htm,https://www.certitudes.org/certitude?wp=A3AG210
band88.htm,https://www.certitudes.org/certitude?wp=F1AGR42
band89.htm,https://www.certitudes.org/certitude?wp=F2AGR45
band9.htm,https://www.certitudes.org/certitude?wp=819N386
band90.htm,https://www.certitudes.org/certitude?wp=F3AGR47
band91.htm,https://www.certitudes.org/certitude?wp=B4AHBZZ
band92.htm,https://www.certitudes.org/certitude?wp=B4AHBZZ
band93.htm,https://www.certitudes.org/certitude?wp=B4AHBZZ
band94.htm,https://www.certitudes.org/certitude?wp=B4AHBZZ
band95.htm,https://www.certitudes.org/certitude?wp=B4AHBZZ
band96.htm,https://www.certitudes.org/certitude?wp=B4AHBZZ
band97.htm,https://www.certitudes.org/certitude?wp=B4AHBZZ
band98.htm,https://www.certitudes.org/certitude?wp=B4AHBZZ
band99.htm,https://www.certitudes.org/certitude?wp=B4AHBZZ
bandaa.htm,https://www.certitudes.org/certitude?wp=21AVFPM
bandae.htm,https://www.certitudes.org/certitude?wp=21AVFPW
bando1.htm,https://www.certitudes.org/certitude?wp=B4AHBZZ
bando10.htm,https://www.certitudes.org/certitude?wp=B4AHBZZ
bando11.htm,https://www.certitudes.org/certitude?wp=B4AHBZZ
bando12.htm,https://www.certitudes.org/certitude?wp=B4AHBZZ
bando13.htm,https://www.certitudes.org/certitude?wp=B4AHBZZ
bando14.htm,https://www.certitudes.org/certitude?wp=B4AHBZZ
bando15.htm,https://www.certitudes.org/certitude?wp=B4AHBZZ
bando16.htm,https://www.certitudes.org/certitude?wp=B4AHBZZ
bando17.htm,https://www.certitudes.org/certitude?wp=B4AHBZZ
bando18.htm,https://www.certitudes.org/certitude?wp=B4AHBZZ
bando19.htm,https://www.certitudes.org/certitude?wp=B4AHBZZ
bando2.htm,https://www.certitudes.org/certitude?wp=B4AHBZZ
bando20.htm,https://www.certitudes.org/certitude?wp=B4AHBZZ
bando21.htm,https://www.certitudes.org/certitude?wp=B4AHBZZ
bando22.htm,https://www.certitudes.org/certitude?wp=21AVFQ9
bando3.htm,https://www.certitudes.org/certitude?wp=B4AHBZZ
bando4.htm,https://www.certitudes.org/certitude?wp=B4AHBZZ
bando5.htm,https://www.certitudes.org/certitude?wp=B4AHBZZ
bando6.htm,https://www.certitudes.org/certitude?wp=B4AHBZZ
bando7.htm,https://www.certitudes.org/certitude?wp=B4AHBZZ
bando8.htm,https://www.certitudes.org/certitude?wp=B4AHBZZ
bando9.htm,https://www.certitudes.org/certitude?wp=B4AHBZZ
bandoo.htm,https://www.certitudes.org/certitude?wp=21AVFQ0
bandx.htm,https://www.certitudes.org/certitude?wp=A1AVFPA
bandy.htm,https://www.certitudes.org/certitude?wp=A1AVFPH
bandz.htm,https://www.certitudes.org/certitude?wp=A1AVFPJ
